{
  "perplexity": 11286.99609375,
  "semantic_entropy": 0.9276173340271816,
  "semantic_entropy_std": 0.33994897724684275,
  "avg_num_clusters": 3.0
}