{
  "perplexity": 8709.8037109375,
  "semantic_entropy": 0.3336016155254586,
  "semantic_entropy_std": 0.23589196462354986,
  "avg_num_clusters": 1.6666666666666667
}